Number,Category
9944829111,family
9938416137,family
9992379001,family
9978225676,family
9978270361,family
9972782050,family
9928086015,family
9966144092,family
9923526053,family
9966512712,family
9918106902,family
9914435706,family
9903459868,family
9992930722,family
9955190620,family
9952154364,family
9959345408,family
9988578197,family
9998975620,family
9978611007,family
9931421457,family
9953599881,family
9990012303,family
9913166699,family
9960661849,family
8860377970,friends
8801551086,friends
8890704298,friends
8857811816,friends
8870328817,friends
8869501444,friends
8876507907,friends
8800419522,friends
8823602764,friends
8881419466,friends
8807851406,friends
8850313646,friends
8866557121,friends
8896822935,friends
8824887816,friends
8802807331,friends
8855620114,friends
8890677960,friends
8873850518,friends
8849952670,friends
8848398167,friends
8811389320,friends
8813764725,friends
8812905491,friends
8848553820,friends
7772096270,spam
7729736065,spam
7720569885,spam
7737867227,spam
7702494206,spam
7786481038,spam
7759092633,spam
7767164667,spam
7771461876,spam
7734942586,spam
7708798219,spam
7739182112,spam
7724408806,spam
7798359636,spam
7761504222,spam
7797555158,spam
7742633701,spam
7728697248,spam
7764217382,spam
7729798443,spam
7751901473,spam
7747616000,spam
7799336961,spam
7738568911,spam
7773913188,spam
6630233603,office
6694085213,office
6621905769,office
6606323159,office
6656119521,office
6688071337,office
6670966809,office
6643623228,office
6649932750,office
6677849118,office
6644938721,office
6612188023,office
6603397409,office
6624146605,office
6690129584,office
6622448652,office
6647424316,office
6655893142,office
6631790637,office
6619752612,office
6627438907,office
6663721443,office
6648738122,office
6695458423,office
6648220750,office
